id;licence_num;first_name;last_name;sexe;bearthday;phone_number;e_mail;address;study_time;first_swim;groupe_name;document
1;mobile Fish;Orval;Metz;FEMME;2020-01-05T15:05:29;FTP Savings Account;;Chips;Money Market Account;2020-01-05T01:48:21;Grocery Home;52477
2;enable Gorgeous Frozen Pants;Darlene;Klocko;FEMME;2020-01-05T11:41:36;Cambridgeshire Mississippi;;Table Small Frozen Sausages Planner;envisioneer Music Public-key;2020-01-05T10:42:03;Bahamian Dollar Investment Account;83319
3;Salad;Giovanna;Gerhold;FEMME;2020-01-05T09:00:16;Costa Rica Mayotte;;connect Markets Chief;capacitor archive;2020-01-05T02:47:41;Aruba;96117
4;navigating;Nedra;Glover;FEMME;2020-01-05T09:44:35;Faroe Islands Plastic;;orange Books;magenta monitor 1080p;2020-01-05T01:56:33;Identity;65107
5;Internal;Rossie;Mueller;AUTRE;2020-01-05T08:40:52;pixel withdrawal;;synthesize Idaho compress;Sleek Metal Table Small;2020-01-05T05:56:29;red;89576
6;Harbor Montana;Maureen;Upton;HOMME;2020-01-05T06:38:11;override User-centric;;Salad Web virtual;Refined Squares;2020-01-05T11:14:34;e-business;88328
7;projection Fresh;Fleta;Halvorson;FEMME;2020-01-04T20:51:12;SQL Games;;Concrete 24/7 Directives;sky blue;2020-01-05T03:05:28;facilitate Tasty Concrete Chips Exclusive;69630
8;card Plastic;Zoe;Bashirian;AUTRE;2020-01-05T04:25:16;Small Plastic Pants Investor;;Berkshire Designer;Credit Card Account;2020-01-05T14:32:42;24/7 Re-contextualized cross-platform;47030
9;Orchestrator deliver;Raymundo;Borer;FEMME;2020-01-05T15:30:24;Kentucky Algerian Dinar Clothing;;Sausages;disintermediate Cambridgeshire hacking;2020-01-05T00:16:08;bandwidth azure;54144
10;Fiji Dollar Profound Bacon;Willis;Luettgen;FEMME;2020-01-05T14:15:03;Customer Human deposit;;Internal AI optical;bypassing Marketing;2020-01-04T21:38:15;New Zealand Dollar Alabama transform;94013
